,fairness,occlusion,accuracy
0,-0.043162912392872774,-0.00843228702496308,0.05571464611892252
1,-0.026569167210587018,-0.009416404187151506,0.06910007503166972
2,0.01769641921955952,-0.008894990725610997,0.05025630700327573
3,0.0268980488043281,-0.009837059524649217,0.04657106955252649
4,0.011188740553421953,-0.010091021883200036,0.0430993776625251
5,0.04656755271459545,-0.010688959813930764,0.04088173450762349
6,0.0,0.0,0.0
