,fairness,occlusion,accuracy
0,-0.10129547843127673,0.011266098811911141,0.08506453348532267
1,-0.1040147403114815,0.011105122818548696,0.10431199620761593
2,-0.003833938610744508,0.003155889554870117,0.0675270547894549
3,-0.006579707961157831,0.001320121888020731,0.03519418263569518
4,0.0016410854712208176,-0.0005207921231454637,0.0044291047721742235
5,0.003361006066410814,0.005728863759482716,0.0027201363742000223
6,0.0,0.0,0.0
