,fairness,occlusion,accuracy
0,-0.058734730810531634,0.00512264891186176,0.05848221593592691
1,-0.03519714069386455,-0.0037725814284416347,0.0692291859291098
2,-0.0006044964466866816,-0.0010505437569224175,0.047944614417250175
3,0.0035655666101847396,-0.0034380266747658485,0.04680663461807353
4,-0.009296329113511928,0.003347745204865049,0.04236704536059815
5,0.005071629381696596,0.0017906238229165705,0.03861324694891784
6,0.0,0.0,0.0
