,fairness,occlusion,accuracy
0,-0.05807117654360975,-0.006425854193109026,0.05665141618356305
1,-0.05452731674622606,-0.004171465662350537,0.06885279493007797
2,9.854065774605458e-05,-0.002408935342160656,0.04847037272768769
3,-0.017439508415427518,0.00215909025962322,0.044134093092675325
4,-0.014770828346753967,-0.003425000301589087,0.042815626262173404
5,0.008575819133970704,0.00499764346150966,0.03804411161863726
6,0.0,0.0,0.0
