,fairness,occlusion,accuracy
0,-0.048631039722667316,0.00512264891186176,0.05744391367372731
1,-0.0401414220295881,-0.0037725814284416347,0.07034897381894255
2,-0.02995509863493237,-0.0010505437569224175,0.04726176162692127
3,0.013815938211201539,-0.0034380266747658485,0.045296651673626176
4,0.006957407356286099,0.003347745204865049,0.043507818853260896
5,0.00810279748874512,0.0017906238229165705,0.03958382356339817
6,0.0,0.0,0.0
