,fairness,occlusion,accuracy
0,-0.02713244641535026,0.0023613522792916173,0.05741420924549358
1,-0.011142350847142213,0.0007330895022580775,0.06957035527790831
2,0.009079254193588729,0.0031366262773605325,0.04929902320981876
3,0.030849965664356334,0.0008163111283997048,0.04616479970461006
4,0.03164713034919865,0.004601552172778467,0.04327687005571092
5,0.023434640692093334,0.003907757805046019,0.03771768571633481
6,0.0,0.0,0.0
