,fairness,occlusion,accuracy
0,-0.06280331589961151,0.00386849559136766,0.0853995773601058
1,-0.05855013661895327,0.0035438415634072573,0.10611564469784365
2,0.014892738462338564,0.0015795642148445754,0.06837481947014186
3,0.017402501513333505,0.0030829594221038147,0.03533323963706532
4,0.004007515327265682,0.004248799676349879,0.0037440875954703927
5,0.0031575188767716594,0.0017163315288278636,0.002934675683817187
6,0.0,0.0,0.0
