,fairness,occlusion,accuracy
0,-0.036625442421146556,0.005674832867265667,0.055401524765024836
1,-0.046010076393508195,0.004848193681185364,0.06690479590062473
2,0.0027022405913975883,-0.0010076529489247976,0.04808015820029475
3,-0.02133662242350585,0.002431955578994138,0.045626397544137026
4,-0.00852660750866565,-0.0001347231739658561,0.04061894227929102
5,0.01655208886101153,0.00722666816449582,0.039081761557541075
6,0.0,0.0,0.0
