,fairness,occlusion,accuracy
0,-0.04948837307931549,0.002385643573281926,0.03828835814510643
1,-0.06773716721028361,0.00041053454451679406,0.036136092471602516
2,-0.052880454632715346,-0.006427941897864509,0.028173890366294817
3,0.04313596704079076,0.0006710227438446736,0.07893795518058809
4,0.025861410892621554,0.00749539323799262,0.07248068179531818
5,0.023264565332364796,0.011394632139169025,0.07715705289875388
6,0.022234931222970898,0.0015703720054160875,0.09208813876663853
7,0.03593246494013966,0.01171619543853406,0.07673783037569759
8,0.0,0.0,0.0
