,fairness,occlusion,accuracy
0,-0.06141177439753766,-0.010156619630712982,0.037914606074810606
1,-0.06915868798996015,-0.004862052235601833,0.03662520116342185
2,-0.03422419021602087,-0.007342491497702797,0.0254726338094868
3,-0.00810799564908143,0.03252332392504477,0.09009936753541817
4,0.00984237642825445,0.02160805347808875,0.07732271807139346
5,0.008576401567399602,0.028897105243641873,0.07547684943889563
6,0.01955528800372337,0.024636944732076525,0.07469706664514957
7,-0.02223568784968912,0.026734596072274706,0.08239155726142387
8,0.0,0.0,0.0
