,fairness,occlusion,accuracy
0,0.005624650660936832,-0.014995462794918257,0.16726118738949075
1,-0.09040564493898054,-0.049350838850404255,0.11965648114762134
2,-0.009535493227809028,-0.016177053245060136,0.010739386676861466
3,-0.016774554143293274,-0.017068411680001283,0.011334025763522309
4,0.1293169829281836,0.0008819325511447706,0.09455994521663505
5,0.1079958617926294,0.03293536932423341,0.05990834692796036
6,0.005108882070081529,-0.021219954329729063,0.006307368908615675
7,0.003175368916386095,-0.01141948484616101,0.005539477969292963
8,0.0,0.0,0.0
