,fairness,occlusion,accuracy
0,-0.04804877807417425,0.002421035224750745,0.0382392789073822
1,-0.08094814557836016,0.0006378653757228347,0.0377892095994431
2,-0.03909921902076728,-0.0008676047454222568,0.025664202290436183
3,0.007117080206904149,0.02887010668306923,0.08031135703557535
4,0.0013209531369368726,0.02093927985798033,0.0882940401192511
5,0.008589159524773477,0.03603145735075671,0.07884700963560148
6,-0.005532244439734691,0.04987677181010282,0.07376874746791942
7,-0.003679485410245978,0.033791093116406434,0.07708615494439121
8,0.0,0.0,0.0
