,fairness,occlusion,accuracy
0,-0.03282915443630536,-0.0051603244802760125,0.03213382505230272
1,-0.07993145161178172,-0.0020104085696698083,0.041880391799522854
2,-0.06321610797127707,-0.00483151774410071,0.028561421547866256
3,0.02713244845032367,0.012073006461412272,0.08324620620379375
4,0.02803045357986511,0.02022931727044357,0.08954294692987566
5,0.028861801609776184,0.016180518187186844,0.08247319315631971
6,0.036982298549175154,0.012324601819798709,0.0671652285187802
7,0.031461984426957953,0.010689171505130223,0.07499678679153887
8,0.0,0.0,0.0
