,fairness,occlusion,accuracy
0,0.011349549520659842,0.10707051727620304,0.16539876413394
1,-0.1349905536280342,0.008230083430211144,0.12035425018687039
2,-0.01285542268785371,-0.034384244849921086,0.01074800804671839
3,-0.02690302612033827,-0.02618024160675908,0.011300931017483994
4,0.08229703903437346,0.07018363348271878,0.09491406092780588
5,0.10324758705000459,0.083310435487772,0.06013763575345978
6,0.002949948326316432,-0.04493137119287871,0.00609320832532053
7,-0.002030451255637939,-0.03535308449391911,0.00578016035840099
8,0.0,0.0,0.0
