,fairness,occlusion,accuracy
0,-0.04232509547817909,-0.03487618294048693,0.03219751048991749
1,-0.0809775326147539,-0.040483042030012184,0.042810261944959994
2,-0.08231045358380219,-0.03329532667703081,0.03169669906058277
3,0.0016922832048647189,0.005903428307353664,0.08335333217661958
4,0.016597589080609397,0.007492079279250152,0.07528917749748157
5,0.010268752985054494,0.0040384169754405395,0.0817604340187168
6,0.008446405763201954,0.0036651969821733356,0.07559587337465257
7,0.002520919075979756,0.0007962001739277413,0.07729671143706929
8,0.0,0.0,0.0
